StartDate,EndDate,Status,IPAddress,Progress,Duration (in seconds),Finished,RecordedDate,ResponseId,RecipientLastName,RecipientFirstName,RecipientEmail,ExternalReference,LocationLatitude,LocationLongitude,DistributionChannel,UserLanguage,Q1_1,Q1_2,Q1_3,Q1_4,Q1_5,Q1_6,Q1_7,Q1_8,Q1_9,Q1_10,Q4,Q5,Q10
Start Date,End Date,Response Type,IP Address,Progress,Duration (in seconds),Finished,Recorded Date,Response ID,Recipient Last Name,Recipient First Name,Recipient Email,External Data Reference,Location Latitude,Location Longitude,Distribution Channel,User Language,"The following set of statements concerns your attitude toward Amsterdam. Please indicate to what extent you agree or disagree with these statements. - When I think of Amsterdam, I think of the great nightlife.",The following set of statements concerns your attitude toward Amsterdam. Please indicate to what extent you agree or disagree with these statements. - Amsterdam has an open party culture.,The following set of statements concerns your attitude toward Amsterdam. Please indicate to what extent you agree or disagree with these statements. - In Amsterdam there are a lot of good clubs and DJs.,"The following set of statements concerns your attitude toward Amsterdam. Please indicate to what extent you agree or disagree with these statements. - In Amsterdam, there are parties for every taste.","The following set of statements concerns your attitude toward Amsterdam. Please indicate to what extent you agree or disagree with these statements. - In Amsterdam, you can have a great time partying.","The following set of statements concerns your attitude toward Amsterdam. Please indicate to what extent you agree or disagree with these statements. - In Amsterdam, everyone is welcome.","The following set of statements concerns your attitude toward Amsterdam. Please indicate to what extent you agree or disagree with these statements. - In Amsterdam, you can express yourself freely.",The following set of statements concerns your attitude toward Amsterdam. Please indicate to what extent you agree or disagree with these statements. - Amsterdam is known to be an open-minded city.,"The following set of statements concerns your attitude toward Amsterdam. Please indicate to what extent you agree or disagree with these statements. - In Amsterdam, you have a community for everyone.",The following set of statements concerns your attitude toward Amsterdam. Please indicate to what extent you agree or disagree with these statements. - People in Amsterdam are diverse and come from all kinds of backgrounds.,How old are you?,What is your nationality?,Do you currently live in the Netherlands?
"{""ImportId"":""startDate"",""timeZone"":""America/Denver""}","{""ImportId"":""endDate"",""timeZone"":""America/Denver""}","{""ImportId"":""status""}","{""ImportId"":""ipAddress""}","{""ImportId"":""progress""}","{""ImportId"":""duration""}","{""ImportId"":""finished""}","{""ImportId"":""recordedDate"",""timeZone"":""America/Denver""}","{""ImportId"":""_recordId""}","{""ImportId"":""recipientLastName""}","{""ImportId"":""recipientFirstName""}","{""ImportId"":""recipientEmail""}","{""ImportId"":""externalDataReference""}","{""ImportId"":""locationLatitude""}","{""ImportId"":""locationLongitude""}","{""ImportId"":""distributionChannel""}","{""ImportId"":""userLanguage""}","{""ImportId"":""QID7_1""}","{""ImportId"":""QID7_2""}","{""ImportId"":""QID7_3""}","{""ImportId"":""QID7_4""}","{""ImportId"":""QID7_5""}","{""ImportId"":""QID7_6""}","{""ImportId"":""QID7_7""}","{""ImportId"":""QID7_8""}","{""ImportId"":""QID7_9""}","{""ImportId"":""QID7_10""}","{""ImportId"":""QID4_TEXT""}","{""ImportId"":""QID5""}","{""ImportId"":""QID10""}"
2022-03-21 04:33:58,2022-03-21 04:34:54,IP Address,84.27.180.118,100,55,True,2022-03-21 04:34:54,R_2azOX5kW85Qyz5n,,,,,51.729400634765625,5.2928924560546875,anonymous,EN,4,4,4,4,4,5,5,5,5,5,23,Dutch,
2022-03-21 04:36:57,2022-03-21 04:38:29,IP Address,84.241.206.19,100,92,True,2022-03-21 04:38:29,R_1LZ6tFX6EBiFCmb,,,,,51.9080963134765625,4.4561004638671875,anonymous,EN,3,4,4,4,4,4,4,5,4,4,19,Dutch,
2022-03-21 04:38:49,2022-03-21 04:40:31,IP Address,212.127.130.140,100,101,True,2022-03-21 04:40:31,R_1gc3o5TJgrasaG3,,,,,51.729400634765625,5.2928924560546875,anonymous,EN,0,2,2,2,5,1,3,4,3,5,63,Dutch,
2022-03-21 04:42:23,2022-03-21 04:44:07,IP Address,80.112.164.150,100,103,True,2022-03-21 04:44:07,R_24nFouG2TnRLeng,,,,,52.318206787109375,4.9510040283203125,anonymous,EN,5,4,4,3,4,3,3,4,3,5,18,Non-Dutch,
2022-03-21 04:44:37,2022-03-21 04:46:41,IP Address,85.149.79.47,100,123,True,2022-03-21 04:46:41,R_1li7CbP0jzO5kK8,,,,,51.8394012451171875,4.3556976318359375,anonymous,EN,1,2,3,3,2,3,2,4,4,3,26,Dutch,
2022-03-21 04:46:00,2022-03-21 04:46:49,IP Address,89.205.134.229,100,49,True,2022-03-21 04:46:49,R_1hEbXtVTK9sCtdJ,,,,,52.359100341796875,4.792999267578125,anonymous,EN,4,5,5,2,4,3,4,5,4,5,22,Non-Dutch,
2022-03-21 04:47:31,2022-03-21 04:49:22,IP Address,84.27.241.236,100,110,True,2022-03-21 04:49:22,R_2E19R7tyUvK4upj,,,,,51.6782073974609375,5.410400390625,anonymous,EN,1,3,2,2,3,3,3,3,4,5,34,Dutch,
2022-03-21 04:50:28,2022-03-21 04:51:58,IP Address,80.112.164.187,100,90,True,2022-03-21 04:51:59,R_eP29u4P9EmkEQk9,,,,,52.318206787109375,4.9510040283203125,anonymous,EN,4,4,3,4,4,4,4,4,4,5,19,Non-Dutch,
2022-03-21 04:51:40,2022-03-21 04:52:40,IP Address,77.248.177.127,100,59,True,2022-03-21 04:52:40,R_1H3NzMpsjfau4MN,,,,,52.3805999755859375,4.8737945556640625,anonymous,EN,1,3,2,2,2,5,5,4,1,3,21,Dutch,
2022-03-21 04:50:58,2022-03-21 04:52:47,IP Address,213.127.26.101,100,108,True,2022-03-21 04:52:47,R_3r1b2FnVeEeDaRd,,,,,51.87860107421875,4.48779296875,anonymous,EN,1,4,3,3,3,4,4,4,4,5,28,Dutch,
2022-03-21 04:55:26,2022-03-21 04:56:12,IP Address,185.76.10.101,100,46,True,2022-03-21 04:56:12,R_1gts2u4ptjIg0Z3,,,,,52.3759002685546875,4.8975067138671875,anonymous,EN,3,3,3,4,4,4,4,4,3,4,20,Dutch,
2022-03-21 04:55:51,2022-03-21 04:57:34,IP Address,146.50.237.242,100,102,True,2022-03-21 04:57:34,R_23dYmn5idgpMr9b,,,,,52.359100341796875,4.792999267578125,anonymous,EN,3,4,3,2,4,3,5,5,5,5,20,Non-Dutch,
2022-03-21 04:53:33,2022-03-21 05:00:12,IP Address,88.159.82.132,100,398,True,2022-03-21 05:00:12,R_2rGFKNFELbdYfiC,,,,,52.3251953125,4.971099853515625,anonymous,EN,1,5,5,4,5,5,5,5,5,5,30,Non-Dutch,
2022-03-21 05:02:07,2022-03-21 05:03:10,IP Address,213.93.1.79,100,63,True,2022-03-21 05:03:10,R_5irDZ6813o2xQKB,,,,,52.3473968505859375,4.92840576171875,anonymous,EN,4,4,4,4,4,4,4,4,4,4,23,Dutch,
2022-03-21 05:03:57,2022-03-21 05:04:50,IP Address,89.98.227.59,100,53,True,2022-03-21 05:04:50,R_2UftJByuJiPd9Su,,,,,51.9582977294921875,4.466796875,anonymous,EN,4,4,3,5,3,3,4,5,3,5,22,Dutch,
2022-03-21 05:05:16,2022-03-21 05:05:47,IP Address,80.112.149.244,100,30,True,2022-03-21 05:05:47,R_31sFaMYvDJTOZIY,,,,,52.076202392578125,4.2877960205078125,anonymous,EN,3,4,4,4,4,5,5,5,5,5,24,Dutch,
2022-03-21 05:05:47,2022-03-21 05:07:30,IP Address,85.76.112.182,100,102,True,2022-03-21 05:07:30,R_33CGTKzjoII9TR5,,,,,60.171905517578125,24.9346923828125,anonymous,EN,4,4,4,3,5,5,5,5,5,5,24,Non-Dutch,
2022-03-21 05:14:33,2022-03-21 05:15:10,IP Address,188.206.103.250,100,37,True,2022-03-21 05:15:11,R_1F9ZpnmCFQ7MCds,,,,,52.3712005615234375,4.9044036865234375,anonymous,EN,5,4,4,4,4,5,5,4,5,4,26,Non-Dutch,
2022-03-21 05:15:02,2022-03-21 05:16:25,IP Address,77.249.35.65,100,83,True,2022-03-21 05:16:25,R_3PN32Xt78z3ND7W,,,,,51.4264068603515625,5.50469970703125,anonymous,EN,2,3,3,3,4,5,4,4,4,4,22,Dutch,
2022-03-21 05:18:03,2022-03-21 05:18:49,IP Address,213.127.103.182,100,45,True,2022-03-21 05:18:49,R_2bHGCUmEalrTttn,,,,,52.3795013427734375,4.8777008056640625,anonymous,EN,3,5,5,5,5,5,5,5,4,5,24,Non-Dutch,
2022-03-21 05:17:30,2022-03-21 05:19:22,IP Address,80.112.164.131,100,112,True,2022-03-21 05:19:23,R_3lPPVlpYKUaQ55X,,,,,52.318206787109375,4.9510040283203125,anonymous,EN,1,2,2,2,2,5,2,5,1,5,18,Non-Dutch,
2022-03-21 05:23:44,2022-03-21 05:24:33,IP Address,80.114.160.68,100,49,True,2022-03-21 05:24:33,R_Zk3LbBSNdKP2BnH,,,,,52.3583984375,4.829498291015625,anonymous,EN,1,4,2,2,4,4,2,4,3,4,25,Non-Dutch,
2022-03-21 05:31:26,2022-03-21 05:32:10,IP Address,92.109.71.66,100,43,True,2022-03-21 05:32:10,R_2PtUUDfguUaaPxh,,,,,52.3401947021484375,4.9084014892578125,anonymous,EN,2,5,5,5,4,3,4,5,4,4,23,Non-Dutch,
2022-03-21 05:33:24,2022-03-21 05:34:13,IP Address,46.114.34.58,100,49,True,2022-03-21 05:34:14,R_NVy0owEkMP9lMxH,,,,,52.47430419921875,13.4358978271484375,anonymous,EN,3,5,4,3,4,5,5,5,5,5,23,Non-Dutch,
2022-03-21 05:37:45,2022-03-21 05:38:39,IP Address,77.63.43.158,100,53,True,2022-03-21 05:38:39,R_1hL5gaAU5XVBCu2,,,,,51.9304962158203125,4.4846038818359375,anonymous,EN,5,5,4,5,4,5,5,4,5,4,20,Dutch,
2022-03-21 05:56:59,2022-03-21 05:58:27,IP Address,31.151.68.49,100,88,True,2022-03-21 05:58:28,R_Wx6B9JIFL7Dw9XP,,,,,52.33270263671875,4.95989990234375,anonymous,EN,2,2,3,3,3,3,4,4,4,4,25,Dutch,
2022-03-21 05:05:53,2022-03-21 06:00:35,IP Address,92.111.96.178,100,3281,True,2022-03-21 06:00:35,R_OxP7eXbGMNf2UV3,,,,,52.3385009765625,4.9167938232421875,anonymous,EN,3,4,2,2,4,4,4,4,3,3,18,Dutch,
2022-03-21 05:59:18,2022-03-21 06:00:51,IP Address,87.210.62.49,100,92,True,2022-03-21 06:00:51,R_3O0ywrvSQhuOOmJ,,,,,52.3889007568359375,4.9521942138671875,anonymous,EN,4,4,3,4,4,3,4,5,3,5,21,Non-Dutch,
2022-03-21 06:02:37,2022-03-21 06:03:22,IP Address,146.50.211.185,100,45,True,2022-03-21 06:03:22,R_1Ne6BdxiuPfwNlQ,,,,,52.3520050048828125,4.8383941650390625,anonymous,EN,5,5,5,5,5,4,5,5,4,5,23,Non-Dutch,
2022-03-21 06:04:05,2022-03-21 06:05:56,IP Address,24.132.107.125,100,110,True,2022-03-21 06:05:56,R_3GiW0kamsPbi0pL,,,,,52.3462982177734375,4.82080078125,anonymous,EN,3,4,4,5,5,4,3,4,3,4,22,Dutch,
2022-03-21 06:03:26,2022-03-21 06:06:04,IP Address,213.127.125.109,100,158,True,2022-03-21 06:06:04,R_1oFRnRBcpfrxSMq,,,,,52.3719024658203125,4.882904052734375,anonymous,EN,2,4,4,4,4,4,4,3,4,3,24,Non-Dutch,
2022-03-21 06:16:39,2022-03-21 06:19:27,IP Address,24.132.227.187,100,167,True,2022-03-21 06:19:27,R_274qWI0jvk3TPrc,,,,,51.4116973876953125,5.4409942626953125,anonymous,EN,3,5,4,4,3,3,4,3,4,5,24,Dutch,
2022-03-21 06:29:10,2022-03-21 06:30:28,IP Address,77.63.108.236,100,78,True,2022-03-21 06:30:29,R_yKGmP61kXbGQ6wV,,,,,52.1616973876953125,5.37109375,anonymous,EN,4,4,4,4,4,4,4,4,4,4,22,Dutch,
2022-03-21 06:37:59,2022-03-21 06:38:44,IP Address,145.117.249.67,100,44,True,2022-03-21 06:38:44,R_ux2Xv1niJBK9a4p,,,,,52.318206787109375,4.9510040283203125,anonymous,EN,1,5,5,5,5,5,5,5,5,5,23,Dutch,
2022-03-21 07:03:27,2022-03-21 07:04:14,IP Address,89.205.128.242,100,47,True,2022-03-21 07:04:14,R_1MQV2MCoOO8NhTD,,,,,52.0565032958984375,4.3280029296875,anonymous,EN,2,4,3,5,4,3,4,4,5,5,22,Non-Dutch,
2022-03-21 07:06:39,2022-03-21 07:07:24,IP Address,217.100.116.82,100,45,True,2022-03-21 07:07:24,R_1ocDcd0eqajRu87,,,,,52.2751007080078125,4.7913970947265625,anonymous,EN,4,5,3,3,5,4,3,5,4,3,21,Dutch,
2022-03-21 07:13:44,2022-03-21 07:14:36,IP Address,84.241.196.5,100,52,True,2022-03-21 07:14:36,R_1BQqEoR7XDHTcZP,,,,,51.9369964599609375,4.460205078125,anonymous,EN,3,3,4,5,4,4,4,4,4,4,27,Dutch,
2022-03-21 07:15:46,2022-03-21 07:16:52,IP Address,87.214.51.48,100,66,True,2022-03-21 07:16:53,R_1jIDVUs8uh6IzUu,,,,,52.3191070556640625,4.9759979248046875,anonymous,EN,2,4,4,3,5,4,5,3,4,3,25,Dutch,
2022-03-21 07:20:32,2022-03-21 07:21:13,IP Address,82.75.34.212,100,40,True,2022-03-21 07:21:13,R_vugCQOEVIsu3ytr,,,,,52.33880615234375,4.7826995849609375,anonymous,EN,5,5,5,5,5,5,5,5,5,5,26,Dutch,
2022-03-21 07:59:43,2022-03-21 08:01:11,IP Address,80.112.164.133,100,87,True,2022-03-21 08:01:11,R_pisiT0h1RVrePw5,,,,,52.318206787109375,4.9510040283203125,anonymous,EN,3,3,3,3,4,4,4,5,4,4,19,Non-Dutch,
2022-03-21 08:09:13,2022-03-21 08:10:56,IP Address,213.93.190.109,100,103,True,2022-03-21 08:10:57,R_21gpezxVAqhZkz5,,,,,52.3473968505859375,4.92840576171875,anonymous,EN,3,3,4,4,3,4,5,3,5,5,30,Non-Dutch,
2022-03-21 08:33:39,2022-03-21 08:34:53,IP Address,146.50.199.213,100,74,True,2022-03-21 08:34:55,R_3mdxreBOdKbThRW,,,,,52.3672027587890625,4.917999267578125,anonymous,EN,3,4,4,5,5,3,4,4,4,4,22,Dutch,
2022-03-21 08:39:03,2022-03-21 08:40:12,IP Address,95.97.155.186,100,69,True,2022-03-21 08:40:12,R_3PtVwGs4MlGb8Hm,,,,,52.3672027587890625,4.917999267578125,anonymous,EN,3,5,3,5,4,5,5,5,5,5,24,Dutch,
2022-03-21 08:48:33,2022-03-21 08:49:16,IP Address,46.114.145.203,100,43,True,2022-03-21 08:49:16,R_12i2FLc8z7tPjBM,,,,,48.766998291015625,9.1826934814453125,anonymous,EN,2,4,5,4,5,5,5,5,4,3,24,Non-Dutch,
2022-03-21 10:56:14,2022-03-21 10:57:23,IP Address,84.87.107.173,100,69,True,2022-03-21 10:57:23,R_3hckTDBp7eoQAIQ,,,,,52.3563995361328125,4.8802032470703125,anonymous,EN,4,3,4,5,4,3,3,2,3,4,18,Dutch,
2022-03-21 11:59:03,2022-03-21 11:59:54,IP Address,89.205.128.15,100,51,True,2022-03-21 11:59:54,R_738OO0pfpIUhRe1,,,,,52.354095458984375,4.8975067138671875,anonymous,EN,1,3,4,3,3,4,3,3,3,4,27,Dutch,
2022-03-21 13:04:59,2022-03-21 13:06:21,IP Address,62.194.214.218,100,81,True,2022-03-21 13:06:21,R_3O1CfgUvsv8gsZv,,,,,52.3520050048828125,4.8383941650390625,anonymous,EN,5,4,5,5,5,4,4,4,4,4,26,Dutch,
2022-03-22 00:21:04,2022-03-22 00:22:33,IP Address,80.115.238.215,100,88,True,2022-03-22 00:22:33,R_3fC8TRLdjsoQy4n,,,,,52.3600006103515625,4.8083953857421875,anonymous,EN,3,4,4,4,4,3,4,4,4,5,26,Dutch,
2022-03-22 01:01:31,2022-03-22 01:03:04,IP Address,89.205.226.138,100,93,True,2022-03-22 01:03:06,R_1E41l7ePthmw6b1,,,,,51.910797119140625,4.421295166015625,anonymous,EN,2,4,4,4,5,3,4,4,4,4,27,Dutch,
2022-03-22 10:48:34,2022-03-22 10:50:43,IP Address,194.153.178.105,100,128,True,2022-03-22 10:50:43,R_1IWUpF7oXuvDu7I,,,,,46.8614044189453125,9.2653961181640625,anonymous,EN,2,4,3,3,3,2,5,4,3,4,23,Non-Dutch,
2022-03-22 11:27:11,2022-03-22 11:28:19,IP Address,80.187.100.252,100,67,True,2022-03-22 11:28:19,R_3fIcM7VS8moUoMm,,,,,50.0847015380859375,8.2454071044921875,anonymous,EN,5,1,5,5,5,5,5,5,5,5,24,Non-Dutch,
2022-03-22 11:27:43,2022-03-22 11:28:56,IP Address,2.203.190.108,100,72,True,2022-03-22 11:28:56,R_1E0txHduhpsE7ES,,,,,50.932098388671875,11.5955963134765625,anonymous,EN,1,5,4,3,5,5,5,5,5,2,24,Non-Dutch,
2022-03-22 12:04:39,2022-03-22 12:05:48,IP Address,95.90.211.69,100,68,True,2022-03-22 12:05:48,R_2qaWFTuM5FUvSyV,,,,,51.3235015869140625,12.426605224609375,anonymous,EN,1,4,4,4,5,2,5,5,4,1,24,Non-Dutch,
2022-03-22 12:16:27,2022-03-22 12:17:47,IP Address,109.42.242.149,100,79,True,2022-03-22 12:17:47,R_NXsxumLJ9zcylxf,,,,,51.0489959716796875,12.1403045654296875,anonymous,EN,3,2,2,2,3,4,3,3,3,2,25,Non-Dutch,
2022-03-23 03:10:05,2022-03-23 03:11:37,IP Address,86.88.84.49,100,91,True,2022-03-23 03:11:37,R_6KZipCOMONQWTEl,,,,,51.697998046875,5.298492431640625,anonymous,EN,0,3,3,3,3,2,3,2,2,4,24,Dutch,
2022-03-23 05:43:19,2022-03-23 05:44:11,IP Address,80.139.4.58,100,51,True,2022-03-23 05:44:11,R_2czS5QGDBXFAGMD,,,,,50.804595947265625,11.594696044921875,anonymous,EN,4,5,4,5,4,5,5,5,5,5,24,Non-Dutch,
2022-03-23 10:23:56,2022-03-23 10:25:19,IP Address,213.124.173.90,100,83,True,2022-03-23 10:25:19,R_Tb9KvGyl5Adbn1v,,,,,51.848602294921875,5.850799560546875,anonymous,EN,2,2,3,2,4,4,2,4,3,5,28,Dutch,
2022-03-23 10:30:23,2022-03-23 10:31:27,IP Address,217.246.144.246,100,64,True,2022-03-23 10:31:27,R_1M3NH0UZi4xDSLp,,,,,50.63690185546875,9.398895263671875,anonymous,EN,4,5,3,4,5,3,5,3,1,5,25,Non-Dutch,
2022-03-23 10:31:29,2022-03-23 10:32:32,IP Address,84.84.186.245,100,62,True,2022-03-23 10:32:32,R_32RC2jhbIzNrunU,,,,,52.0989990234375,5.1280059814453125,anonymous,EN,3,2,4,4,4,5,5,5,5,5,22,Dutch,
2022-03-23 10:36:50,2022-03-23 10:37:56,IP Address,213.124.218.24,100,66,True,2022-03-23 10:37:57,R_3Hp4BWnQfIZZUYa,,,,,52.336700439453125,4.9654998779296875,anonymous,EN,3,3,2,4,4,3,4,4,3,4,22,Dutch,
2022-03-23 11:03:08,2022-03-23 11:06:13,IP Address,80.112.154.200,100,184,True,2022-03-23 11:06:13,R_1itlYJ06PtxSbXV,,,,,52.0045013427734375,4.372802734375,anonymous,EN,4,2,4,1,3,3,3,3,2,4,22,Dutch,
2022-03-23 12:51:36,2022-03-23 12:53:08,IP Address,213.124.219.144,100,91,True,2022-03-23 12:53:08,R_3EYByYNhupcWKuN,,,,,52.336700439453125,4.9654998779296875,anonymous,EN,3,4,5,4,5,3,4,4,4,5,23,Dutch,
2022-03-23 22:54:48,2022-03-23 22:56:11,IP Address,213.233.212.107,100,83,True,2022-03-23 22:56:12,R_2DYuNRtY08Y9w5h,,,,,51.8520050048828125,4.475006103515625,anonymous,EN,0,2,0,3,0,3,3,3,3,3,24,Dutch,
2022-03-24 04:18:12,2022-03-24 04:19:28,IP Address,145.109.25.168,100,75,True,2022-03-24 04:19:28,R_3HNXaIaJcHgDx3G,,,,,52.3594970703125,4.8686065673828125,anonymous,EN,2,2,1,2,2,4,5,5,4,5,23,Non-Dutch,
2022-03-24 04:28:56,2022-03-24 04:30:12,IP Address,37.201.7.176,100,76,True,2022-03-24 04:30:12,R_YbJ8MWkwwyDf42J,,,,,48.921600341796875,9.11199951171875,anonymous,EN,3,4,3,3,4,3,5,4,2,4,24,Non-Dutch,
2022-03-24 04:30:37,2022-03-24 04:31:33,IP Address,84.84.48.128,100,55,True,2022-03-24 04:31:33,R_1pXSVOUCPcVjv47,,,,,52.3563995361328125,4.8802032470703125,anonymous,EN,4,5,3,5,5,5,5,5,5,5,22,Dutch,
2022-03-24 04:31:54,2022-03-24 04:33:05,IP Address,84.84.48.128,100,71,True,2022-03-24 04:33:06,R_1lAmVDWjF6grEib,,,,,52.3563995361328125,4.8802032470703125,anonymous,EN,4,5,5,4,5,4,5,5,5,5,28,Non-Dutch,
2022-03-24 04:59:30,2022-03-24 05:01:17,IP Address,77.63.32.251,100,107,True,2022-03-24 05:01:18,R_3w6181sVcgNtwu5,,,,,52.3191070556640625,4.9759979248046875,anonymous,EN,2,5,5,5,5,4,4,4,5,5,51,Dutch,
2022-03-24 05:29:08,2022-03-24 05:29:51,IP Address,31.205.216.189,100,42,True,2022-03-24 05:29:51,R_XA1HFOOa2oJ1CiR,,,,,55.86700439453125,-4.2621002197265625,anonymous,EN,5,5,5,5,5,4,5,5,5,5,24,Non-Dutch,
2022-03-24 06:31:37,2022-03-24 06:32:24,IP Address,145.109.46.185,100,47,True,2022-03-24 06:32:24,R_zUWrFAwaVegksJX,,,,,52.378204345703125,4.852996826171875,anonymous,EN,4,4,4,5,5,3,4,4,4,5,21,Dutch,
2022-03-24 06:37:23,2022-03-24 06:38:26,IP Address,195.200.221.239,100,62,True,2022-03-24 06:38:26,R_3ke5AEeG49OeIR0,,,,,48.832305908203125,2.407501220703125,anonymous,EN,3,3,4,4,4,4,3,3,3,2,22,Non-Dutch,
2022-03-24 06:40:16,2022-03-24 06:42:18,IP Address,95.96.73.150,100,122,True,2022-03-24 06:42:18,R_OfJOYQKflZnYMcp,,,,,52.318206787109375,4.9510040283203125,anonymous,EN,3,4,5,4,4,3,3,5,4,5,23,Non-Dutch,
2022-03-24 06:40:45,2022-03-24 06:42:41,IP Address,5.104.125.80,100,116,True,2022-03-24 06:42:42,R_1eykryWQGfdAeGM,,,,,51.5652008056640625,5.055206298828125,anonymous,EN,2,4,4,4,4,3,4,4,4,4,23,Non-Dutch,
2022-03-24 06:45:16,2022-03-24 06:46:15,IP Address,84.241.197.195,100,58,True,2022-03-24 06:46:15,R_1dzSA7seXFABnmO,,,,,52.3426055908203125,4.86309814453125,anonymous,EN,2,2,3,5,4,4,2,4,5,5,23,Dutch,
2022-03-24 06:47:58,2022-03-24 06:48:54,IP Address,80.112.164.132,100,55,True,2022-03-24 06:48:54,R_2WAzsFxFFL5tZcr,,,,,52.318206787109375,4.9510040283203125,anonymous,EN,2,3,3,5,5,3,2,3,3,5,25,Non-Dutch,
2022-03-24 06:48:34,2022-03-24 06:49:41,IP Address,31.161.152.41,100,67,True,2022-03-24 06:49:42,R_w5Awt6HXCd0hamt,,,,,51.6446990966796875,5.3506927490234375,anonymous,EN,5,4,4,5,5,4,4,5,5,5,24,Dutch,
2022-03-24 06:52:09,2022-03-24 06:53:53,IP Address,145.81.183.138,100,103,True,2022-03-24 06:53:53,R_1gOX9vYZ7ahXrGc,,,,,52.3191070556640625,4.9759979248046875,anonymous,EN,5,5,3,3,4,4,4,5,5,4,18,Non-Dutch,
2022-03-24 06:54:57,2022-03-24 06:56:25,IP Address,89.205.133.83,100,87,True,2022-03-24 06:56:25,R_1f1Q3owVS4XmJdD,,,,,52.3639984130859375,4.865997314453125,anonymous,EN,4,3,3,3,3,3,5,4,3,5,26,Non-Dutch,
2022-03-24 06:46:55,2022-03-24 06:57:35,IP Address,80.112.164.19,100,640,True,2022-03-24 06:57:35,R_1ILcF9Bic2dE45l,,,,,52.318206787109375,4.9510040283203125,anonymous,EN,2,3,2,3,3,3,4,4,3,4,19,Non-Dutch,
2022-03-24 06:59:10,2022-03-24 07:00:21,IP Address,145.109.60.78,100,70,True,2022-03-24 07:00:21,R_3FKZtBlUG9L5rRU,,,,,52.2592010498046875,4.5001068115234375,anonymous,EN,3,5,4,5,5,1,5,5,4,4,24,Dutch,
2022-03-24 07:05:23,2022-03-24 07:10:52,IP Address,94.46.195.245,100,329,True,2022-03-24 07:10:52,R_1Kx0vPDc8IJntYe,,,,,51.5063934326171875,-0.0200042724609375,anonymous,EN,3,3,3,3,3,3,3,3,3,3,23,Non-Dutch,
2022-03-24 07:28:01,2022-03-24 07:29:06,IP Address,88.133.131.52,100,65,True,2022-03-24 07:29:06,R_tXvafp1J2nQVTJn,,,,,49.34979248046875,12.3874969482421875,anonymous,EN,3,3,3,4,4,3,4,5,3,4,24,Non-Dutch,
2022-03-24 07:41:21,2022-03-24 07:43:09,IP Address,181.209.152.143,100,108,True,2022-03-24 07:43:10,R_2fxKJMbG6KFSnfd,,,,,14.6273956298828125,-90.52829742431640625,anonymous,EN,4,3,4,4,5,2,2,5,4,5,24,Non-Dutch,
2022-03-24 07:50:36,2022-03-24 07:51:46,IP Address,140.213.151.68,100,69,True,2022-03-24 07:51:46,R_2q3rvRbfNFPZrfo,,,,,-8.584197998046875,116.11871337890625,anonymous,EN,2,3,2,1,2,5,5,5,5,5,25,Non-Dutch,
2022-03-24 08:03:25,2022-03-24 08:04:31,IP Address,92.208.110.176,100,65,True,2022-03-24 08:04:31,R_3Jxh03EuzVuUZS4,,,,,51.1322021484375,12.4546966552734375,anonymous,EN,3,4,3,3,4,4,4,5,3,3,23,Non-Dutch,
2022-03-24 08:09:39,2022-03-24 08:11:03,IP Address,181.209.152.143,100,83,True,2022-03-24 08:11:03,R_3MGzoSupenqUqkF,,,,,14.6273956298828125,-90.52829742431640625,anonymous,EN,4,3,5,5,5,3,4,5,4,3,24,Dutch,
2022-03-24 08:11:38,2022-03-24 08:12:49,IP Address,84.241.197.247,100,71,True,2022-03-24 08:12:50,R_22lhb5H4GWzD02M,,,,,51.9369964599609375,4.460205078125,anonymous,EN,5,4,5,5,5,4,5,4,4,5,23,Non-Dutch,
2022-03-24 08:14:10,2022-03-24 08:14:58,IP Address,143.176.77.123,100,48,True,2022-03-24 08:14:58,R_1GE7WCnooO40OZk,,,,,51.5778961181640625,5.0746002197265625,anonymous,EN,4,4,3,5,5,5,5,5,5,5,23,Dutch,
2022-03-24 08:19:36,2022-03-24 08:20:37,IP Address,84.27.180.118,100,60,True,2022-03-24 08:20:37,R_3D23RDgLPXpEkww,,,,,51.729400634765625,5.2928924560546875,anonymous,EN,3,4,3,4,4,4,5,4,5,5,25,Dutch,
2022-03-24 08:26:19,2022-03-24 08:27:07,IP Address,109.36.155.254,100,47,True,2022-03-24 08:27:07,R_2ablNjtfLKFbYyG,,,,,51.9178924560546875,4.4900970458984375,anonymous,EN,3,3,3,3,3,3,4,4,4,5,23,Dutch,
2022-03-24 08:31:37,2022-03-24 08:32:53,IP Address,143.244.41.38,100,75,True,2022-03-24 08:32:53,R_zdvQCVjl6NK38Up,,,,,52.3759002685546875,4.8975067138671875,anonymous,EN,4,5,5,5,5,5,4,5,5,5,24,Dutch,
2022-03-24 08:36:16,2022-03-24 08:39:03,IP Address,154.160.11.224,100,166,True,2022-03-24 08:39:03,R_2c6exbVBxbJkQ40,,,,,5.550201416015625,-0.2174072265625,anonymous,EN,4,4,3,4,5,4,3,5,4,5,30,Non-Dutch,
2022-03-24 08:40:34,2022-03-24 08:41:48,IP Address,188.189.35.121,100,74,True,2022-03-24 08:41:48,R_yz2nA7ReCtSbRUB,,,,,50.871307373046875,4.37579345703125,anonymous,EN,2,4,4,3,4,2,2,4,2,3,21,Non-Dutch,
2022-03-24 08:41:58,2022-03-24 08:42:41,IP Address,2.247.242.5,100,43,True,2022-03-24 08:42:42,R_t0s030m48MeDChj,,,,,51.737701416015625,7.0066986083984375,anonymous,EN,3,4,4,4,4,3,4,5,4,4,23,Non-Dutch,
2022-03-24 08:43:07,2022-03-24 08:44:11,IP Address,181.61.64.36,100,64,True,2022-03-24 08:44:11,R_1FMbDas0XiPGq0J,,,,,4.64959716796875,-74.063201904296875,anonymous,EN,2,4,3,2,4,3,4,4,4,3,22,Non-Dutch,
2022-03-24 08:54:28,2022-03-24 08:55:11,IP Address,213.124.218.59,100,43,True,2022-03-24 08:55:11,R_1ilo7kBPaoKIGuC,,,,,52.336700439453125,4.9654998779296875,anonymous,EN,3,3,4,3,4,1,3,5,4,2,26,Dutch,
2022-03-24 09:50:31,2022-03-24 09:51:28,IP Address,87.211.164.140,100,56,True,2022-03-24 09:51:28,R_1DOPCYAmnljcf4j,,,,,52.3533935546875,4.9087066650390625,anonymous,EN,5,5,5,5,5,5,5,5,5,5,30,Dutch,
2022-03-24 09:50:54,2022-03-24 09:51:46,IP Address,81.207.5.209,100,51,True,2022-03-24 09:51:46,R_rkYuRyizCLuqAff,,,,,52.3296966552734375,4.8625030517578125,anonymous,EN,5,5,5,5,5,5,5,5,5,5,24,Dutch,
2022-03-24 10:32:09,2022-03-24 10:33:13,IP Address,213.4.156.76,100,64,True,2022-03-24 10:33:13,R_O0RoXvmwMjaufIZ,,,,,40.4163055419921875,-3.6934051513671875,anonymous,EN,5,5,5,5,5,4,3,5,3,5,22,Non-Dutch,
2022-03-24 10:36:45,2022-03-24 10:38:03,IP Address,95.23.37.124,100,78,True,2022-03-24 10:38:03,R_1pSVV8HjoOKLi2C,,,,,41.386993408203125,2.17010498046875,anonymous,EN,1,2,2,1,3,2,3,4,3,2,22,Non-Dutch,
2022-03-24 10:41:33,2022-03-24 10:43:27,IP Address,37.159.98.93,100,114,True,2022-03-24 10:43:28,R_Ox0Uqect2Aoh2wN,,,,,44.4846954345703125,11.3280029296875,anonymous,EN,4,4,3,3,3,4,3,4,4,4,29,Non-Dutch,
2022-03-24 12:49:53,2022-03-24 12:51:29,IP Address,159.48.55.18,100,96,True,2022-03-24 12:51:29,R_3CAQJQWJQC9z42w,,,,,52.3759002685546875,4.8975067138671875,anonymous,EN,2,4,3,3,5,5,4,5,3,4,22,Non-Dutch,
2022-03-24 14:12:47,2022-03-24 14:14:41,IP Address,173.208.143.250,100,113,True,2022-03-24 14:14:41,R_2xVIeXeHHGdCvVr,,,,,37.751007080078125,-97.82199859619140625,anonymous,EN,4,3,4,4,4,5,3,5,4,3,32,Non-Dutch,
2022-03-24 14:24:59,2022-03-24 14:26:30,IP Address,154.160.7.223,100,90,True,2022-03-24 14:26:31,R_1kTZfP8dEYqiftU,,,,,5.550201416015625,-0.2174072265625,anonymous,EN,4,1,2,3,3,4,4,3,4,1,32,Non-Dutch,
2022-03-24 14:24:26,2022-03-24 14:27:02,IP Address,154.160.7.206,100,155,True,2022-03-24 14:27:03,R_2YmS9ydAXAmvEfb,,,,,5.550201416015625,-0.2174072265625,anonymous,EN,4,4,3,3,4,5,4,4,4,4,30,Non-Dutch,
2022-03-24 15:06:22,2022-03-24 15:09:50,IP Address,154.160.10.147,100,208,True,2022-03-24 15:09:51,R_A69ImeXbYUYaNjz,,,,,5.550201416015625,-0.2174072265625,anonymous,EN,1,2,2,2,4,3,2,2,2,5,29,Non-Dutch,
2022-03-24 15:15:18,2022-03-24 15:16:42,IP Address,213.127.102.40,100,83,True,2022-03-24 15:16:42,R_2EFRyYjFKgjipyN,,,,,52.3533935546875,4.9087066650390625,anonymous,EN,2,3,2,3,2,3,4,5,3,4,25,Non-Dutch,
2022-03-24 15:42:27,2022-03-24 15:44:45,IP Address,154.160.22.8,100,137,True,2022-03-24 15:44:45,R_3qlpiaK10OiSKnI,,,,,5.550201416015625,-0.2174072265625,anonymous,EN,4,5,4,3,5,3,4,5,3,5,33,Non-Dutch,
2022-03-24 15:51:22,2022-03-24 15:54:21,IP Address,154.160.27.118,100,178,True,2022-03-24 15:54:21,R_3Ebfs3bO71tqIUS,,,,,5.550201416015625,-0.2174072265625,anonymous,EN,2,3,2,3,3,3,4,4,4,4,29,Non-Dutch,
2022-03-24 16:01:26,2022-03-24 16:03:36,IP Address,154.160.11.203,100,129,True,2022-03-24 16:03:36,R_1H61642HLVWvRhG,,,,,5.550201416015625,-0.2174072265625,anonymous,EN,5,5,4,5,5,4,4,5,4,4,30,Non-Dutch,
2022-03-24 16:07:07,2022-03-24 16:10:26,IP Address,154.160.5.127,100,199,True,2022-03-24 16:10:26,R_2w6SVhTThyydtem,,,,,5.550201416015625,-0.2174072265625,anonymous,EN,5,5,5,5,5,5,5,5,5,5,31,Non-Dutch,
2022-03-24 16:18:44,2022-03-24 16:20:58,IP Address,41.215.173.92,100,134,True,2022-03-24 16:20:59,R_10Dghpygfjh9sZz,,,,,5.550201416015625,-0.2174072265625,anonymous,EN,2,2,2,2,3,5,2,3,1,5,21,Non-Dutch,
2022-03-25 00:10:01,2022-03-25 00:10:53,IP Address,77.173.106.148,100,51,True,2022-03-25 00:10:53,R_3dE2fJcWiE7xCfC,,,,,52.104400634765625,5.0460968017578125,anonymous,EN,1,2,2,1,4,2,4,4,3,2,36,Dutch,
2022-03-25 00:37:35,2022-03-25 00:39:31,IP Address,77.96.213.111,100,116,True,2022-03-25 00:39:31,R_2SlBiQDmfpNIRcq,,,,,55.0167999267578125,-1.4510040283203125,anonymous,EN,0,3,3,3,3,4,4,4,3,3,41,Non-Dutch,
2022-03-25 02:30:19,2022-03-25 02:31:42,IP Address,145.109.107.106,100,82,True,2022-03-25 02:31:42,R_1l3LzrTcVlry76J,,,,,52.3607025146484375,4.9243011474609375,anonymous,EN,0,3,3,4,4,4,4,5,4,4,25,Non-Dutch,
2022-03-25 02:33:54,2022-03-25 02:35:56,IP Address,41.215.165.230,100,121,True,2022-03-25 02:35:56,R_2vdcgMzilutcJ12,,,,,5.550201416015625,-0.2174072265625,anonymous,EN,4,4,5,2,4,3,2,3,3,5,28,Non-Dutch,
2022-03-25 02:46:00,2022-03-25 02:48:00,IP Address,41.210.7.189,100,119,True,2022-03-25 02:48:00,R_3PcuA9zPN1MjMRB,,,,,5.550201416015625,-0.2174072265625,anonymous,EN,3,3,3,3,3,3,3,3,1,2,30,Non-Dutch,
2022-03-25 03:53:22,2022-03-25 03:55:49,IP Address,89.205.131.251,100,147,True,2022-03-25 03:55:49,R_1lirLBPRF74Ndef,,,,,52.3805999755859375,4.8737945556640625,anonymous,EN,3,5,4,4,5,5,5,5,5,5,34,Non-Dutch,Yes
2022-03-25 04:47:13,2022-03-25 04:48:17,IP Address,84.241.199.160,100,63,True,2022-03-25 04:48:17,R_2aCt2PEuh2weLt6,,,,,51.8943939208984375,4.6221923828125,anonymous,EN,4,3,3,5,4,4,4,4,4,5,23,Dutch,Yes
2022-03-25 05:01:56,2022-03-25 05:04:49,IP Address,145.102.242.234,100,173,True,2022-03-25 05:04:49,R_2Xhd0JiAX4RpHh8,,,,,52.378692626953125,4.794097900390625,anonymous,EN,5,5,5,5,5,5,5,5,5,5,18,Non-Dutch,Yes
2022-03-25 06:44:23,2022-03-25 06:46:30,IP Address,41.210.25.27,100,127,True,2022-03-25 06:46:31,R_3VPEP4K9uT6WxC9,,,,,5.550201416015625,-0.2174072265625,anonymous,EN,2,2,3,2,2,3,3,3,2,5,28,Non-Dutch,No
2022-03-25 07:31:26,2022-03-25 07:32:56,IP Address,217.241.229.173,100,89,True,2022-03-25 07:32:57,R_2OIKVUu3qUJkt5Y,,,,,48.87969970703125,10.1808929443359375,anonymous,EN,4,5,3,4,5,3,5,5,3,5,51,Non-Dutch,No
2022-03-25 07:38:54,2022-03-25 07:41:57,IP Address,217.230.111.212,100,183,True,2022-03-25 07:41:57,R_2pJnrAZNlpUBU3W,,,,,48.859893798828125,8.207794189453125,anonymous,EN,4,5,5,4,5,2,5,5,3,5,48,Non-Dutch,No
2022-03-25 07:48:34,2022-03-25 07:50:54,IP Address,130.89.105.36,100,139,True,2022-03-25 07:50:54,R_DoY59SmnaRk2Cdz,,,,,52.2158966064453125,6.9091033935546875,anonymous,EN,4,3,3,4,3,4,5,4,4,4,23,Non-Dutch,Yes
2022-03-25 08:29:17,2022-03-25 08:30:24,IP Address,89.204.153.225,100,67,True,2022-03-25 08:30:25,R_2ckq9C4XWRbYiV2,,,,,49.3462982177734375,7.1842041015625,anonymous,EN,4,5,5,5,5,5,5,5,5,5,23,Non-Dutch,No
2022-03-25 10:13:22,2022-03-25 10:14:57,IP Address,88.152.9.106,100,95,True,2022-03-25 10:14:57,R_2427yeGprZ4faiO,,,,,51.9470977783203125,7.6161956787109375,anonymous,EN,1,5,3,3,3,4,5,5,4,5,23,Non-Dutch,No
2022-03-25 10:24:25,2022-03-25 10:26:20,IP Address,94.208.196.227,100,115,True,2022-03-25 10:26:20,R_NVVvSUKr7yNDIop,,,,,52.5012054443359375,5.0626068115234375,anonymous,EN,2,5,5,5,3,4,4,4,4,4,28,Dutch,Yes
2022-03-25 10:27:23,2022-03-25 10:28:14,IP Address,86.95.243.122,100,51,True,2022-03-25 10:28:14,R_1GEcIgiB4JOYMcR,,,,,52.3719024658203125,4.882904052734375,anonymous,EN,3,4,3,3,3,4,5,4,4,4,22,Non-Dutch,Yes
2022-03-25 11:07:29,2022-03-25 11:08:10,IP Address,77.250.131.176,100,40,True,2022-03-25 11:08:10,R_bQQoUeCVqMECgVj,,,,,52.3594970703125,4.8686065673828125,anonymous,EN,5,5,5,5,5,5,5,5,5,5,24,Non-Dutch,Yes
2022-03-25 11:47:06,2022-03-25 11:47:59,IP Address,172.225.252.195,100,53,True,2022-03-25 11:47:59,R_1oziJmvl9mUe0Uj,,,,,52.3802947998046875,4.6421966552734375,anonymous,EN,5,4,3,2,3,4,5,4,5,4,23,Non-Dutch,Yes
2022-03-25 11:47:32,2022-03-25 11:50:36,IP Address,154.160.6.105,100,184,True,2022-03-25 11:50:36,R_3n6oMMsuUE88x5Z,,,,,5.550201416015625,-0.2174072265625,anonymous,EN,1,3,3,5,3,4,4,5,4,5,36,Non-Dutch,No
2022-03-18 12:35:20,2022-03-18 12:35:22,IP Address,46.114.105.94,25,2,False,2022-03-25 12:35:24,R_1CsbvHebgOCQmmn,,,,,,,anonymous,EN,,,,,,,,,,,,,
2022-03-25 20:49:31,2022-03-25 20:50:20,IP Address,217.103.5.170,100,48,True,2022-03-25 20:50:21,R_OrI3bxIjYN24mvT,,,,,52.336700439453125,4.9654998779296875,anonymous,EN,5,5,5,5,5,4,4,5,4,4,21,Non-Dutch,Yes
2022-03-25 21:38:25,2022-03-25 21:40:17,IP Address,1.46.20.70,100,112,True,2022-03-25 21:40:18,R_1PTVJeoMEQiTQhL,,,,,13.8054046630859375,100.67510986328125,anonymous,EN,2,3,2,3,3,3,4,4,2,3,23,Dutch,Yes
2022-03-26 06:22:49,2022-03-26 06:23:45,IP Address,83.233.105.218,100,55,True,2022-03-26 06:23:45,R_1H7cawFakzGWioi,,,,,55.703704833984375,13.1945953369140625,anonymous,EN,4,4,4,3,5,3,3,4,4,4,24,Non-Dutch,No
2022-03-26 09:12:19,2022-03-26 09:13:57,IP Address,193.198.43.107,100,98,True,2022-03-26 09:13:58,R_9MN92xrUy3SX8f7,,,,,45.7953033447265625,15.9987945556640625,anonymous,EN,3,4,4,4,3,4,5,5,5,5,56,Non-Dutch,No
2022-03-28 00:22:17,2022-03-28 00:23:30,IP Address,37.201.152.159,100,73,True,2022-03-28 00:23:30,R_1dNsujfORgKs2S4,,,,,50.9662933349609375,6.9564056396484375,anonymous,EN,3,3,3,2,3,4,5,5,4,5,35,Non-Dutch,No
2022-03-21 04:25:49,2022-03-21 04:32:39,IP Address,37.201.7.176,25,410,False,2022-03-28 04:32:41,R_2wSPFza39yOil4K,,,,,,,anonymous,EN,,,,,,,,,,,,,
2022-03-21 04:39:30,2022-03-21 04:39:37,IP Address,81.207.248.248,25,7,False,2022-03-28 04:39:43,R_cZ1VafTAlmYZI1H,,,,,,,anonymous,EN,,,,,,,,,,,,,
2022-03-21 04:57:33,2022-03-21 04:57:35,IP Address,84.27.180.118,25,2,False,2022-03-28 04:57:37,R_3EW5tXwCeXba1fW,,,,,,,anonymous,EN,,,,,,,,,,,,,
2022-03-21 05:04:38,2022-03-21 05:04:50,IP Address,213.127.123.161,25,11,False,2022-03-28 05:04:58,R_12PiMSSiDYLSIsm,,,,,,,anonymous,EN,,,,,,,,,,,,,
2022-03-28 05:45:13,2022-03-28 05:46:50,IP Address,89.204.153.73,100,96,True,2022-03-28 05:46:50,R_3JDchtFeX9SUyBT,,,,,49.2711944580078125,7.0312957763671875,anonymous,EN,3,5,4,3,4,4,5,4,4,4,24,Non-Dutch,Yes
2022-03-28 05:49:28,2022-03-28 05:50:33,IP Address,23.90.201.182,100,64,True,2022-03-28 05:50:33,R_2CmrfAyYYzKSify,,,,,48.832305908203125,2.407501220703125,anonymous,EN,3,4,3,4,4,5,5,5,4,5,37,Non-Dutch,Yes
2022-03-21 06:15:09,2022-03-21 06:18:50,IP Address,88.159.85.42,50,221,False,2022-03-28 06:18:51,R_2Sc9f7d9tkJPe1f,,,,,,,anonymous,EN,1,1,1,1,1,4,1,1,1,1,,,
2022-03-21 07:20:16,2022-03-21 07:20:28,IP Address,109.37.146.108,25,11,False,2022-03-28 07:20:36,R_2YFgaZMXt0vRI6Z,,,,,,,anonymous,EN,,,,,,,,,,,,,
2022-03-18 07:41:43,2022-03-21 07:42:58,IP Address,146.50.205.249,25,259275,False,2022-03-28 07:43:02,R_1eWqOcc3tFw035z,,,,,,,anonymous,EN,,,,,,,,,,,,,
2022-03-21 12:40:24,2022-03-21 12:40:28,IP Address,86.94.144.84,25,3,False,2022-03-28 12:40:33,R_2U2ZbPLTR19STjo,,,,,,,anonymous,EN,,,,,,,,,,,,,
2022-03-28 14:21:32,2022-03-28 14:22:30,IP Address,77.190.137.211,100,57,True,2022-03-28 14:22:30,R_1Ei0a51mZhET0C2,,,,,49.4763946533203125,8.477294921875,anonymous,EN,4,4,5,3,5,3,5,4,4,4,24,Non-Dutch,No
2022-03-28 17:25:12,2022-03-28 17:25:57,IP Address,138.199.35.101,100,44,True,2022-03-28 17:25:57,R_1jPQmkw6zYCtLv7,,,,,34.0543975830078125,-118.2440948486328125,anonymous,EN,1,3,3,3,3,4,4,4,3,5,26,Non-Dutch,No
